SIE-Scwrlmut,SIE-Rosmut,SIE-Rosiface-sc,SIE-RosCDR-loop,Rosmut,Rosiface-sc,RosCDR-loop,FoldXB,FoldXS,DS_BIND,DS_STABLE,mCSM,energy
-0.01,0.21,-0.18,0.02,0,0.47,-0.03,0.98,0.4,0.01,-0.23,0.057,0.108022095
-0.02,0.39,0.55,-0.14,0,3.29,0,0.32,0,0.01,-0.56,0.009,0.199353475
0,0.23,-0.35,-0.11,0,2.68,0.12,0.12,0,0.42,0.17,-0.02,0.108022095
0.09,0.34,0.9,0.2,0.56,3.24,-0.09,0.69,-0.1,1.75,6.67,0.664,2.968707213
-0.02,0.04,-0.36,0.12,0,-21.62,0.05,3.11,-0.02,0.3,7.53,1.032,2.48229167
0.3,0.46,0.37,0.31,0.66,20.29,-0.18,0.29,-0.29,1.99,7.74,-0.335,2.968707213
0.18,0.39,0.05,0.55,0,0.56,-3.91,-0.87,-0.01,-0.48,0.95,-0.7,0.380286361
0.05,0.26,0.65,0.06,0,-3.1,-0.12,-0.18,0,-0.41,-1.01,0.322,0.199353475
-0.12,-0.08,1.12,0.13,0.25,2.47,-0.06,0.84,-0.01,-0.18,5.47,0.94,0.314387263
-0.03,-0.02,-0.01,-0.52,0,-0.63,1.72,2.93,0.22,-0.08,1.06,0.478,0.348252549
-0.03,-0.01,0.61,-0.07,0,-1.74,0.78,5.33,4.85,0.36,21.6,0.026,0.493482997
-0.02,-0.06,0.11,-0.01,-0.59,4.45,53.44,0.77,2.23,-0.16,7.53,0.517,1.071377101
0.01,0.35,-0.08,0.01,0,-3.08,-0.18,2.78,1.42,0.37,6.88,-0.317,0.05646949
0.81,0.63,0.83,0.73,1.53,1,-0.43,0.3,1.09,1.65,2.07,-0.111,0.835983256
0,0.23,-0.01,-0.29,0.05,-0.15,-3.57,1.45,0.02,0.08,1.32,2.711,0.790963034
0,0.21,-0.12,0.05,0,-0.74,-0.16,3.57,0.04,0.47,9.36,0.16,0.790963034
0.02,0.23,0.98,0.08,0,-0.03,0.08,0.21,-0.02,0.55,1.42,-0.166,0.108022095
0.01,0,0.64,0.06,0,0.17,-0.51,3.79,-0.01,0.4,7.87,2.406,1.090491056
-0.02,0.21,0.42,0.34,0,27.46,0.73,4.85,0.11,0.04,4.99,0.346,1.907123412
0.01,0,0.05,0.01,0,-0.41,0.09,3.69,0.16,0.44,9.85,1.381,1.642706694
0,0.23,0.23,0.02,0,-2.5,-0.07,3.18,0,0.01,3.9,0.717,-0.018046508
0.11,0.1,0.52,0.23,0.14,18.43,0.48,2.37,0.4,0.44,2.14,0.321,2.155201414
0.04,-0.32,0.96,0.1,0,0.98,0.08,0.45,0,0.41,6.43,0.252,0.240230454
-0.01,-0.03,0.47,-0.17,0.04,0.93,-2.2,-0.07,0,-0.02,0.49,1.142,-0.211323199
0.49,0.48,0.42,0.21,1.18,2.91,-0.55,-0.6,1.87,0.48,0.44,1.357,2.968707213
0,0,0.02,-0.1,0,0.09,-0.08,0.27,0.19,0.19,5.72,0.25,0.155445894
0.03,0.03,0.04,-0.03,0,0.61,-0.22,-0.3,0.31,0.46,5.45,0.867,0.155445894
0.07,0.07,0.7,0.04,-0.15,-0.2,-0.21,-0.32,1.19,0.91,8.2,-0.677,1.274878653
0.12,0.3,0.17,0.01,0.47,1.62,0.24,1.16,0.28,0.56,6.22,0.301,0.877822837
0.15,0.11,-0.18,0.21,0.18,-0.85,0.33,0.27,0.76,0.61,1.64,-0.734,0.850260602
1.42,1.22,0.35,0.81,3.85,-1.75,1.21,1.27,3.14,4.39,6.81,0.894,2.968707213
1.27,1.45,2.3,1.41,3.44,1.88,3.41,2.19,1.77,4.54,12.44,3.241,2.968707213
1.97,1.86,2.16,1.55,4.59,1.92,2.81,0.19,3.44,5.34,6.26,1.893,0.790963034
0.23,0.08,0.34,-0.23,0.55,0.22,0.93,0.38,0.93,0.5,1.32,-0.287,0.90415967
0.03,0.16,-0.03,-0.24,0,8.37,-1.7,4.82,0,0.07,4.1,0.204,1.74452474
0.03,0.01,-0.63,-0.06,0,0.43,0.96,3.26,0.05,0.47,9.41,1.086,2.242061216
0.62,0.42,1.11,0.37,1.17,5.27,0.37,1.15,1.49,2.44,9.98,2.552,2.968707213
0.84,0.72,2.03,0.62,1.51,3.57,1.25,0.1,1.71,2.15,7.09,0.737,1.327578366
0.02,0.28,0.1,-0.16,0,-2.59,0.13,3.66,0.05,0.03,3.93,0.227,0.410676673
0.55,0.7,0.92,0.12,0.93,-7.54,1.09,3.97,2.07,1.61,6.06,-0.126,4.440967687
0,0.21,0.08,-0.16,0,0.67,5.02,1.49,0,0.01,1.47,0.582,0.155445894
0,0.24,0.16,-0.03,0,-0.51,0.01,1.78,0.72,0.47,5.21,-0.001,0.05646949
0.04,0.2,0.17,0.05,0,-4.57,0.09,0.8,0,0.88,7.6,0.2,0.155445894
0,0.16,-1.17,0.05,0,-1.77,-0.05,-0.08,0,0.47,5.4,-0.023,0.240230454
0.02,0.02,1.16,0,0,1.98,0.05,1.47,0,0.47,6.17,0.004,0.314387263
0.01,0.05,1.09,-0.05,0,2.41,-0.06,1.83,0,0.48,7.68,2.207,0.775162599
0.01,-0.01,0.05,-0.05,0,-4.15,-0.04,0.6,-0.01,0.47,6.48,-0.118,0.108022095
0.02,-0.03,-0.29,0.74,0.04,-60.6,1.97,3.93,0.12,0.01,4.16,1.717,0.775162599
0,-0.05,0.32,0.14,0.09,-1.28,-1.08,1.49,-0.05,0.02,4.75,-2.303,0.588483003
-0.05,0.1,0.09,0.01,0,-2.21,0.22,0.28,0.03,-0.01,5.17,0.107,0.108022095
-0.03,-0.05,-0.03,-0.13,0,-0.66,1.14,-0.37,0.01,0.01,1.5,-0.187,-0.011969724
0.02,0.22,-0.1,-0.11,0,-0.64,-0.05,2.94,0,0.48,6.8,0.776,0.199353475
0.01,0.09,0.15,0.05,0,-0.87,0.04,3.47,0,0.47,8.3,0.108,0.467146163
0.01,0.2,-0.01,0.13,0,-16.9,-0.14,2.03,0,0,3.42,0.195,-0.089359727
0.01,-0.01,-0.02,-0.03,0,-2.68,0.14,1.48,0.14,0.51,6.81,1.507,0.199353475
0.03,0.18,-0.02,0.06,0,0.16,0.16,3.53,2.35,0.04,1.74,0.895,0.742238507
0.01,-0.01,0.11,0.08,0,1.78,0.04,0.45,0.12,0.48,6.41,0.191,0.240230454
-0.01,-0.01,0,0.08,0,1.33,-0.03,0.09,0.04,-0.01,0.11,0.009,-0.17044622
0.01,0.19,-0.7,0.07,0,1.13,-0.06,0.21,0,-0.01,-0.27,-0.006,-0.162598672
-0.01,0.01,0.02,-0.09,0,-0.94,0.01,-0.13,0,-0.01,0.46,-0.028,-0.09628941
0.01,0.16,0.38,-0.27,0,-0.51,-11.26,-0.95,0.19,0,-0.39,0.163,-0.062424125
0.02,-0.02,0.05,-0.04,0,1.34,-0.08,1.77,0.44,-0.01,0.58,-0.078,-0.147208684
0.03,0.01,0.08,-0.43,0,-0.03,2.8,0.15,0.03,0.07,0.04,0.974,-0.082510157
-0.01,0.2,-0.02,-0.2,0,0.17,49.79,1.31,-0.01,0.01,0.98,-2.138,0.199353475
0.43,0.52,0.07,0.24,1.01,-25.54,0.56,3.89,0.49,1.53,7,1.428,2.968707213
0.03,0.21,-0.84,0,0,-20.8,0.05,0.82,0.03,0.57,6.84,2.155,0.380286361
0.08,0.41,-0.38,0.34,0.01,872.39,0.48,2.42,-0.62,0.15,5.65,1.872,1.563591854
0.25,0.43,0.59,0.21,0.59,-2.52,3.63,0.48,0.99,0.74,1.78,0.87,0.240230454
1.35,0.97,0.91,0.78,0.6,2.5,1.52,1.22,1.44,1.37,6.36,0.288,1.899170525
0.44,0.13,0.22,-0.01,0.15,0.72,2.72,0.37,-0.05,0.34,4.37,-1.301,0.17044622
0.13,0.05,0.18,-0.08,-0.09,-0.33,-0.64,0.51,-0.14,-0.76,4.38,0.38,0.17044622
1,0.93,1.21,0.88,1.93,4.31,2.87,1.78,2.54,3.06,6.47,5.163,5.513423007
0.41,0.31,0.99,0.52,1.51,2.67,4.31,0.98,1.11,1.53,3.33,3.164,3.247175527
1.38,1.35,1.56,1.33,2.49,0.88,2.16,0.93,3.99,3.45,10.35,5.005,6.038076411
0.87,0.84,0.24,2.29,1.78,3.82,4.17,-0.1,2.53,1.82,7.88,4.365,2.007377173
0.11,0.19,0.07,0.11,0.1,-1.96,-1.3,-0.01,2.7,0,5.65,1.618,1.070841581
0.65,1.19,2,1.42,-1.09,96.75,18.22,0.45,9.12,3.13,10.16,-1.08,1.749877564
0.8,0.69,1.06,1.35,2.93,4.64,3.1,3.15,2.68,0.88,10.7,4.562,7.32319995
0.81,0.8,1.06,1.13,2.93,3.06,7.69,0.35,3.07,0.35,7.54,3.87,2.850590941
0.58,0.61,0.66,0.48,2.49,2.13,3.22,-0.27,2.99,-0.34,5.68,1.234,1.610236294
1.05,1.06,1.47,1.27,2.33,2.65,2.05,-0.17,2.36,1.89,7.53,0.524,3.252089286
1.02,0.56,0.62,0.28,2.22,16.79,2.88,-0.24,2.44,1.34,6.39,0.701,0.807103054
0.08,0.07,-0.03,0.06,0.05,-0.32,0.36,-0.12,-0.61,-0.54,4.78,0.061,0.620260404
0.01,-0.01,-0.43,-0.02,-0.64,-0.64,-0.93,0.12,0.77,-1.02,5.35,-0.811,0.706466807
0.53,0.47,0.7,1.02,0.88,-0.39,-0.73,1.45,1,1.76,3.6,2.014,1.676019821
0.43,0.44,1.11,0.03,0.77,4.11,-0.43,-0.36,0.96,0.86,1.67,1.731,1.514412993
-0.03,-0.06,-0.12,-0.11,-0.23,-0.73,-0.96,-0.17,-0.34,0.03,0.53,0.989,0.362760795
0.79,0.66,0.17,-0.01,0.42,-1.16,-0.19,0.41,0.56,-0.66,4.61,0.574,3.884481529
-0.59,-0.63,-0.27,-0.66,0.2,-1.13,-0.48,0.2,-0.05,-1.31,4.01,0.89,0.948641163
0.41,-0.18,0.53,-0.06,-0.14,-2.45,0.78,-0.48,-0.41,-1.88,2.68,0.861,5.71020606
1.21,1.22,0.69,0.9,2.1,1.39,2.39,0.18,2.15,1.71,7.68,2.817,3.722874701
0.1,0.33,-0.19,-0.27,1.51,-0.04,3.51,0.78,0.61,-0.93,5.24,3.289,2.699135326
0.93,1.32,0.81,0.96,0.41,0.75,1.02,-0.28,1.11,0.11,0.37,1.469,1.065604077
0.37,0.3,0.21,0.25,1.56,0.36,0.59,0.31,0.83,0.31,1.71,0.42,0.953561706
-0.12,-0.14,-0.15,-0.18,0.12,-0.92,0.09,0.61,-0.12,0.04,-0.21,1.476,0.491644857
0.13,0.06,0.09,0,0.17,0.39,-0.48,0.34,0.23,0.01,0.15,0.594,0.061761304
0.65,0.53,0.95,0.84,0.9,1.27,2.19,0.8,0.57,2.08,8.47,1.902,4.559861301
0.27,0.34,0.79,0.71,0.66,1.92,4.84,-0.14,0.39,0.42,5.55,2.084,4.395369717
-0.02,-0.09,0.15,0.15,-0.22,-0.52,-0.04,-0.1,-0.51,-0.29,4.8,0.782,1.200029581
0.19,0.16,0.56,0.31,0.19,-1.28,0.35,1.81,-0.01,1.2,4.84,3.186,2.708390727
-0.05,-0.09,0.05,0.26,-0.14,-2,-0.19,-0.18,0.08,0.36,0.21,0.46,1.40247624
1.31,1.13,0.27,0.98,1.06,0.05,0.02,0.14,0.59,0.9,6.11,0.315,2.015145507
1.04,0.86,0.52,1.21,2.01,0.77,1.72,2.06,2.43,3.02,5.54,4.116,4.934154517
1.23,1.21,1.23,1,2.43,2.32,1.21,0.91,3.49,3.23,10.39,4.451,5.526737752
0.77,0.71,1.25,0.84,2.46,3.64,2.84,2.4,2.86,1.59,10.88,3.588,6.890976131
0.91,1.08,1.35,1.65,2.64,0.88,1.28,-0.13,2.72,1.78,7.68,-0.078,1.18157562
-0.12,0.94,0.72,-0.11,0.49,-1.08,-0.47,1.4,-0.17,-0.38,4.79,2.584,2.015145507
0.99,1.11,0.83,0.88,2.32,1.71,2.79,0.04,2.18,1.58,7.37,1.388,4.092715138
-0.08,0.04,-1.25,0.01,0.12,-0.27,0.18,0.51,-0.07,-0.09,0.08,1.994,1.434022614
0.62,0.61,0.57,0.54,0.97,1.32,-2.02,0.91,0.86,2.27,8.18,2.705,2.681052959
0.22,0.1,0.89,0.65,0.19,-1.93,0.46,2.47,0.1,1.28,4.92,4.31,1.135082663
-0.5,0.58,0.54,1.8,1.68,2.48,0.13,0.38,1.33,1.51,1.74,0.808,1.879126966
0.48,0.54,0.58,0.51,0.67,-0.54,-0.43,0.53,-0.18,1.14,6.14,1.185,1.165795714
2.88,1.36,1.31,2.17,1.22,1.43,3.8,1.45,0.9,-0.66,-0.32,2.924,2.79587676
1.72,2.19,1.62,1.38,2.63,2.74,6.07,1.8,2.49,1.91,7.29,0.526,4.286993796
0.66,0.82,0.52,0.85,1.29,1.83,4.27,1.39,0.68,0.64,1.43,1.83,1.604468833
1.84,1.72,2.09,1.9,1.63,2.09,2.98,4.53,3.06,-0.19,3.41,1.252,4.189379418
-0.09,0.05,0.05,0.11,0.16,0.19,0.5,-0.19,0.04,-0.12,5.35,0.646,0.910564935
0.94,1.49,1.26,1.48,4.14,4.34,4.26,2.39,2.44,4.03,11.58,3.867,4.139078094
0.63,0.45,0.24,1.3,1.85,-1.1,-1.98,1.47,1.91,2.32,3.67,3.684,4
0.76,0.3,0.06,0.3,0.7,-2.04,-3.5,-0.07,0.16,0.2,0.2,1.602,2.015145507
-0.03,0.23,0.08,0.07,-0.05,0.88,0.95,1.44,1.16,0.79,7.59,0.485,1.835219386
0.47,0.11,0.25,0.22,0.31,0.7,0.56,0.41,0.08,-0.01,5.64,-0.443,1.654286499
-0.09,0.01,-0.01,0.01,-0.01,-0.32,-0.4,0.46,0.01,-0.43,-0.29,0.281,1.165795714
0.95,0.52,0.66,0.29,1.23,1.13,-0.91,1.03,0.81,2.04,4.23,1.419,0.344442367
-0.06,0.25,0,-0.1,0.51,0.26,-0.73,1.87,-0.06,1.03,7.98,0.761,2.03457286
0.35,0.37,0.15,0.34,1.3,1.14,1.22,1.77,1.62,0.94,8.53,1.118,1.731918282
0.13,0.09,0.08,0.14,0,-0.15,-0.13,0.96,0.03,-0.21,5.82,0.288,0.690420513
0.4,0.57,1.03,0.52,1.16,0.08,-2.73,0.15,2.14,1.86,6.76,3.986,0.542885033
0.95,0.77,0.56,0.87,0.67,2.23,3.55,-0.29,-0.05,1.19,6.15,0.163,1.88703738
-0.02,-0.07,-0.09,-0.01,0,-0.2,0.26,0.13,0.22,-0.06,5.74,0.009,1.666892958
0.56,0.35,0.26,0.49,0.85,2.03,1.5,-0.63,0.02,0.33,0.31,0.724,1.855570807
0.79,0.86,0.92,0.71,2.75,1.63,-0.29,-0.14,0.94,2.93,5.32,4.341,1.698614856
0.02,0,0.01,0,0,-0.01,-1.16,1.41,0.05,0.01,1.5,-1.593,0
1.1,0.9,0.9,1.1,1.37,1.09,0.24,3.67,1.46,2.8,12.6,2.554,2.688656838
0.46,0.38,-0.05,-0.11,0.84,-0.08,0.16,1.14,1.62,1.08,9.66,-0.766,2.422521441
0.57,0.52,0.39,0.26,0.87,1.09,0.49,0.99,1.73,1.24,6.09,-0.151,1.434022614
0.87,0.69,0.98,0.83,1.1,-0.6,-0.03,2.92,0.93,2.53,3.76,1.318,1.256216285
0.82,0.9,0.93,0.81,2.27,1.22,0.89,-0.06,1.83,1.68,1.49,0.093,1.061583801
0.28,0.12,0.32,0.54,0.15,0.22,-1.05,1.33,0.5,0.08,6.12,1.598,0.434862938
1.45,1.13,1.11,1.37,0.35,10.47,4.05,0.21,0.84,0.89,7.1,2.219,0.542885033
0.13,0.07,0.19,0.11,-0.21,-0.55,1.68,-0.27,0.11,-0.28,-0.35,1.832,-0.650907127
0.24,0.16,0.2,0.29,0.35,0.43,1.28,0.9,0.71,0.42,0.9,1.438,0.385460902
1.66,1.3,1.51,1.41,3.13,-1.07,1.93,2,2.67,4.49,6.98,4.438,2.819808139
0.34,0.47,0.28,0.19,0.56,0.14,0.05,4.97,0.02,1.17,6.53,3.945,1.666892958
0.84,0.67,0.57,0.76,0.89,1.42,0.78,0.62,0.54,1.08,7.7,1.423,1.1090076
0.08,0,-0.38,-0.08,0.18,6.38,-1.92,2.45,0.14,0.61,6.43,3.824,0.581122893
2.38,2.62,1.81,2.15,1.92,-0.81,3.99,1.34,2.94,3.42,10.67,2.734,4.581747904
0.09,0.08,0.07,0.09,0,-0.57,-0.45,0.33,0.27,0.21,5.22,0.043,-0.149098838
-0.14,0.09,0.42,-0.05,-0.03,-0.77,0.91,0.19,-0.16,-0.33,-0.27,0.909,1.230929894
-0.27,-0.2,0.14,1.07,0.11,0.39,-0.24,-0.17,-0.04,-0.11,4.58,0.259,0.247832301
0.23,0.12,0.13,0.1,0,-0.2,-0.74,0.39,0.01,0.55,5.91,0.067,0.598157687
0.12,0.13,0.17,-0.1,0.06,-0.01,-0.95,2.31,0.28,0.47,3.36,1.07,1.157592691
0.06,-0.09,-0.11,0.17,0,0.11,-0.38,-0.31,-0.02,0.25,6.6,-0.508,0.37731692
0.02,0.08,0.03,0.15,0,-0.11,0.27,0,0.01,0.18,5.82,0.004,0.081961291
0.4,0.46,0.52,0.39,0.76,1.37,1.01,1.87,1.7,1.35,6.76,2.849,5.829843098
0.94,1.07,1.27,1.24,2.22,-1.43,0.15,0.95,1.76,2.68,4.79,2.103,5.601038774
0.07,0.09,0.05,-0.06,-0.68,0.19,1,-0.54,-0.3,0.14,0.01,0.6685,-0.045659145
0.58,0.66,0.43,1.23,1,-1.58,-0.67,1.07,3.15,1.57,8.74,2.74,-0.095127458
0.08,0.12,0.01,-0.18,0,0.16,-0.22,1.46,0.15,0.44,7.62,0.67,0.233182765
0.62,0.54,0.54,0.6,1.04,0.49,0.46,0.15,1.2,1.2,6.43,1.093,0.874991892
1.04,0.88,0.84,1.25,1.21,1.67,1.13,0.91,1.47,1.33,6.04,0.012,1.108802795
-0.36,-0.24,-0.36,-0.37,-0.17,-0.49,-0.65,0.78,-0.13,-0.01,4.24,0.781,-0.274463468
0.27,0.28,0.77,0.31,0.65,1,0.34,-0.36,1.24,1.47,3.68,3.384,3.154251046
0.27,0.22,0.86,0.33,0,0.39,-0.33,-2.85,1.15,0.12,-0.9,1.5485,-0.433618074
0.53,0.53,0.45,0.37,1.88,0.54,2.3,0.21,1.88,1.55,2.14,0.424,1.193927069
0.12,0.08,0.08,0.06,-0.11,-0.23,1.52,-0.6,-0.17,0.31,5.2,0.566,-0.069877857
0.02,0.02,-0.02,0.06,0,0.08,-0.59,-0.2,0.04,0.09,-0.14,0.366,-0.310430606
0.21,0.31,0.07,0.01,0.31,-0.37,0.64,0.03,0.56,0.89,5.51,0.971,0.800064846
0.04,-0.07,0.02,-0.23,-0.01,-0.13,-0.35,1.33,-0.14,-0.01,0.63,0.319,0.833341385
0.1,0.45,0.35,-0.04,0.86,1.52,1.33,1.39,1.34,-0.01,0.96,0.215,-0.121499626
0.33,0.21,0.89,0.47,1.71,0.07,2.89,0.03,0.64,1.12,2.36,0.233,1.366068651
-0.07,0.04,0.04,0.26,1.16,-0.08,0.6,-0.24,-0.07,0.21,0.04,0.437,-0.20847596
0,-0.21,-0.11,-0.32,0.07,0.36,-3.34,0.55,-0.19,-0.26,0.44,1.177,-0.098005386
-0.14,-0.26,-0.3,-0.42,-0.28,0.09,4.31,-0.42,-1.71,-1.99,-2.03,0.259,0.71
0.18,-0.53,-0.33,-0.68,-0.05,0.26,-3.68,-0.5,-0.13,-0.91,-1.03,0.629,1.24
0.02,0.05,0.08,0.06,0,-0.01,-0.38,0.23,-0.73,-0.48,4.4,0.44,0.178292124
2.45,2.55,1.88,1.15,3.64,2.73,6.28,0.75,3.07,2.06,2.01,1.044,3.070166089
0.21,0.21,0.12,0.15,0.15,0.28,0.52,1.28,0.92,0.46,5.48,0.581,0.638791142
0.13,0.17,0.01,0.13,0.09,-0.19,0.93,1.32,-0.47,0.59,1.35,1.985,-0.207633016
0.11,0.13,0.01,0.11,0.09,-0.33,1.75,-0.4,-0.02,0.43,0.95,-0.401,-0.13
-0.03,0.01,-0.11,-0.01,0.09,-0.25,1.1,-0.4,0.16,-0.13,0.22,-0.079,0.08
0.47,0.56,-0.24,0.98,0.07,-0.22,4.4,4.8,0.15,0.62,3.86,1.647,1.107750719
0,0,0.48,-0.04,-0.2,0.73,0.53,-0.28,-0.14,-0.38,3.26,-0.094,0.31
-0.69,-0.63,-1.05,-0.88,-0.24,-3.53,-0.97,-0.86,-0.01,-1.74,1.01,-0.864,-0.51
-0.8,-0.69,-1.1,-0.99,-0.91,-1.66,0.91,0,-0.65,-1.29,2.32,-1.012,0
0.01,0,0.58,0.02,0.07,0.71,0.32,0.52,-0.14,-0.7,4.43,0.407,0.14
-0.27,-0.25,-0.32,-0.31,0.07,0.47,0.36,-0.14,-0.53,-1.58,3.11,-0.222,0
-0.02,0.01,0.54,0,0.07,0.69,0.38,0.37,-0.17,-0.74,3.38,0.096,0.08
-0.39,-0.21,-0.74,-0.73,0.07,0.49,0.35,-0.06,-0.3,-1.49,2.89,-0.382,-0.1
0.04,0.03,-0.57,0.06,0,-0.34,0.1,0.11,-0.19,-0.53,5.58,0.571,-0.056435626
0.76,0.85,0.16,0.82,2.21,0.84,1.82,2.53,1.47,1.84,9.53,1.367,0.364859772
1.52,1.44,0.15,0.93,4.02,-6.57,3.1,1.76,4.51,3.57,5.03,2.904,4
0.53,0.59,-0.15,0.31,2.35,0.48,9.57,-0.24,2.64,0.92,0.88,0.97,0.952989872
0.05,0.2,0.85,0.1,0.35,0.07,0.17,0.86,0.09,-0.22,6.97,1.931,0.459802808
-0.29,-0.01,0.63,-0.44,0.36,0.36,1.25,1.03,-0.19,-1.36,5.83,-0.012,1.9
-0.19,-0.21,0.63,-0.03,0.01,1.43,1.74,-0.21,0.1,-0.82,2.75,-1.263,0.17
0.14,0.05,0.32,0.26,0.43,1.35,-0.7,0.53,-0.11,0.12,5.6,0.316,0.845032556
0.07,0.06,0.61,0.07,-0.15,0.31,-0.22,0.76,-0.37,-0.48,-0.04,0.844,0.343325548
0.01,-0.06,0.72,0.09,-0.32,1.93,0.82,-1.36,-0.59,-0.02,-0.93,-0.293,0.47
0.44,-0.04,0.3,0.07,0.07,3.04,2.54,-0.77,-0.18,0.33,3.01,0.062,1.65
0.79,0.71,0.74,0.77,2.06,2.01,2.87,0.95,2.84,2.5,4.96,0.883,2.726840541
1.01,0.68,1.43,0.8,2.07,1.91,3.99,1.11,3.21,1.83,4.06,0.224,3.103602773
0.4,0.47,1.18,0.4,1.66,1.3,2.52,0.49,2.52,1.85,3.48,1.559,2.20104564
0.32,0.41,1.27,0.36,1.59,1.24,2.38,-1.03,2.22,0.5,2.34,1.47,1.281522331
0.84,0.68,1.19,0.72,2.09,2.09,3.12,1.52,2.92,2.49,5.08,-0.018,3.039159914
0.78,0.58,1.33,0.64,2.04,2.32,3.34,0.68,4.3,1.76,6.36,1.542,3.126748481
0.65,0.5,0.75,0.69,0.88,-1.92,-0.32,1.49,2.7,2.09,8.77,-0.021,1.34019667
0.28,0.27,0.99,0.6,0.29,2.35,-0.87,1.7,0.57,0.29,7.73,1.72,0.797637196
0.69,0.33,0.49,0.58,1.97,1.18,1.06,1,2.27,0.63,7.65,2.093,0.387206798
1.03,0.59,-0.19,0.94,0.26,-0.91,-0.89,0.15,1.76,-0.39,8.8,-0.163,0.84
0.9,0.83,0.18,1.09,1.72,2.96,3.79,-0.09,2.31,0.73,5.52,1.309,1.72