2bdn,SIE-Scwrlmut,Rosmut,DS-bind,mCSM,EXPT
H_D31E1,-0.057,-0.364,0.36,-0.227,1.09
H_L27K1,0.022,-0.004,0.45,-0.343,0.87
H_L27R1,0.091,-0.754,-1.82,-0.252,0.65
H_N28D1,-0.158,0.017,-0.56,-0.323,0.13
H_N28Q1,0.018,0.064,-0.03,-0.245,1.4
L_N31K1,0.018,0,0.2,1.105,3.49
L_N31R1,-0.013,0,0.2,0.964,-0.92
L_S53D1,-0.107,-0.001,-0.7,-1.044,-0.16
L_S53E1,0.015,-0.01,-0.89,-1.088,-0.85
L_T56D1,-0.089,0.059,-0.64,-0.192,-0.43
L_T56E1,0.098,0.098,-0.89,-0.25,-0.69
L_Y30K1,0.294,0.983,0.3,-0.272,0.68